model,channel,gap_nm,gain_fixed,gain_optimized,shift_over_gamma0,width_over_gamma0,threshold_uJ_cm2,threshold_status,weak_pulse_population_gain,delta_spectrum,delta_threshold
dd,axis_long,0.5,0.14229180786821166,0.14229180786821166,0.012180061364848378,1.0064555043513226,,right_censored,0.1434306865048538,0.8856778877721881,
dd,axis_long,0.75,0.15740460735673104,0.15740460735673104,0.011404912298625842,1.005851579204589,,right_censored,0.15848643743997898,0.8282085577312173,
dd,axis_long,1.0,0.1739806049123766,0.1739806049123766,0.01061519516841744,1.0052939640241327,,right_censored,0.17501313195346524,0.7430487483227305,
dd,axis_long,1.5,0.21011917941040745,0.21011917941040745,0.009107774390639894,1.0043021592764585,,right_censored,0.21106544512651257,0.43040115283452196,
dd,axis_long,2.0,0.24846898816706162,0.24846898816706162,0.007780411290255162,1.0034934034896996,,right_censored,0.2493359648722967,0.330222399851302,
dd,axis_long,3.0,0.32621024511552654,0.32621024511552654,0.005709538906801572,1.0024332440923072,190.07292108255325,resolved_refined,0.32692559960150447,2.232415690312357,
dd,axis_long,5.0,0.46757373612723785,0.46757373612723785,0.0032481214239308913,1.0012576246761957,132.1671912420796,resolved_refined,0.46802382914139623,0.9897282176029166,
dd,axis_long,7.0,0.5804168963848748,0.5804168963848748,0.001992052605110329,1.000695138083921,106.34735503827183,resolved_refined,0.5806779914546238,0.4016937765229311,0.2861467556731259
dd,axis_long,10.0,0.7021191541521588,0.7021191541521588,0.0010731402870365135,1.000315697559735,87.8638941561473,resolved_refined,0.7022193927088375,0.15264089495669506,0.13214196074853307
dd,axis_long,12.0,0.7596684477353575,0.7596684477353575,0.0007549240161410447,1.000197315576294,81.19690277409843,resolved_refined,0.7597132887387877,0.09161611213038995,0.08375962147104188
dd,axis_trans,0.5,0.8170835136165431,0.8170835136165431,-0.0006706971824838242,1.000099836487336,75.45862854251307,resolved_refined,0.8173085926232668,0.6373198360832153,0.3773197251480603
dd,axis_trans,0.75,0.8255114719795836,0.8255114719795836,-0.0006104206375328264,1.000090254604809,74.68968055012738,resolved_refined,0.8257232251215717,0.5169040557960567,0.3323995893365905
dd,axis_trans,1.0,0.8334433966544897,0.8334433966544897,-0.0005565391772230771,1.0000817266647202,73.98014387735232,resolved_refined,0.8336428471680466,0.428656043627824,0.29405062103363516
dd,axis_trans,1.5,0.8479548529100498,0.8479548529100498,-0.00046497713431642765,1.0000673273621743,72.71628050062985,resolved_refined,0.848132398950278,0.3090284989259146,0.23280401213807053
dd,axis_trans,2.0,0.8608636303496112,0.8608636303496112,-0.00039099101391453883,1.000055792964285,71.62768264579032,resolved_refined,0.8610223619972279,0.23278332550004693,0.18690811165833188
dd,axis_trans,3.0,0.8826793823336574,0.8826793823336574,-0.0002814732314674704,1.0000389369647078,69.86007394918329,resolved_refined,0.8828077921594685,0.14365733276556833,0.124831249775293
dd,axis_trans,5.0,0.914477321385088,0.914477321385088,-0.00015546319089027158,1.0000200488270536,67.43417321122736,resolved_refined,0.9145649797534989,0.06643252596986202,0.06209388344635878
dd,axis_trans,7.0,0.9358351438831592,0.9358351438831592,-9.229604798469659e-05,1.0000109710627652,65.89697704367775,resolved_refined,0.9358978271748497,0.0355752208880726,0.034280293073093236
dd,axis_trans,10.0,0.9564074554088642,0.9564074554088642,-4.712432099002673e-05,1.0000048513787103,64.48099268056984,resolved_refined,0.9564479750397666,0.016353312100403597,0.016067058053366112
dd,axis_trans,12.0,0.9654718643698114,0.9654718643698114,-3.1971527020525225e-05,1.0000029489266349,63.87617300403254,resolved_refined,0.9655032244030913,0.01046446522980823,0.010343508981874307
dd,side_long,0.5,14.457312098839521,16.41879607478254,0.21240722570369125,1.1475395796444967,3.1678186684695535,resolved_refined,18.820946570411188,3.929389096036239,0.8029381483246799
dd,side_long,0.75,13.401989888540594,14.64432657028901,0.1717615446054653,1.120130364511682,3.663450555521824,resolved_refined,16.392584649758536,3.4619813437114133,0.7820592118808615
dd,side_long,1.0,12.27547266592306,13.06337703614627,0.13984507247304637,1.0973962268084037,4.214233851923606,resolved_refined,14.334550465779236,3.06585678079081,0.7602661281994854
dd,side_long,1.5,10.112071082439897,10.414700759031026,0.09435070852949902,1.067397647349257,5.481096351705636,resolved_refined,11.117117617634205,2.4326659026956086,0.7143557169852679
dd,side_long,2.0,8.285097659895703,8.409106936913899,0.06508078286653757,1.046340872461973,6.961532640292153,resolved_refined,8.801807283371705,1.9539316746285575,0.6662222183135105
dd,side_long,3.0,5.7146809584676586,5.7370371138952905,0.0326213549532091,1.0236683440067524,10.487513971636279,resolved_refined,5.875927358488038,1.2981356570230331,0.5677419636794573
dd,side_long,5.0,3.2351453003721655,3.2351453003721655,0.009490088609621715,1.0077546385286587,18.939475068257046,resolved_refined,3.2621447001197392,0.6296808287848953,0.38707232520130785
dd,side_long,7.0,2.2341723803529714,2.2341723803529714,0.0031054774142896782,1.0028771835454682,27.555564681751097,resolved_refined,2.2415121007666174,0.33583349556027275,0.25143321673315205
dd,side_long,10.0,1.6138300459291046,1.6138300459291046,0.0005691634824354666,1.000833965020493,38.20323998119643,resolved_refined,1.6156131024382856,0.14808092810280912,0.12889256020765402
dd,side_long,12.0,1.4196458971102022,1.4196458971102022,0.00011584790945786946,1.0004090752887913,43.43736246442223,resolved_refined,1.4205188096652615,0.09123401957771873,0.0835427007742272
dd,side_trans_radial,0.5,6.462994618338134,7.754154772984882,-0.23191488228951226,1.0384215518553779,7.573508926525995,resolved_refined,8.02948226691759,2.0841194839821098,0.6256143177688152
dd,side_trans_radial,0.75,6.0642909472788835,6.871093193996711,-0.18785612594317744,1.0312116475931292,8.626862826528098,resolved_refined,7.067501886451515,1.748611314811103,0.5921517158775383
dd,side_trans_radial,1.0,5.624048301297305,6.127535827780562,-0.15321043167044462,1.025569282167077,9.744446965327032,resolved_refined,6.269938470214155,1.4923002873599533,0.559869653295787
dd,side_trans_radial,1.5,4.769151949876564,4.967392345348558,-0.10397360002144297,1.017598367281584,12.143260234432365,resolved_refined,5.046419575606496,1.1254712214404328,0.4986347127787078
dd,side_trans_radial,2.0,4.047985407056219,4.130557856204489,-0.07217557827160677,1.0121813189968771,14.70743493977328,resolved_refined,4.174706102278865,0.8753015428068772,0.4419070438650682
dd,side_trans_radial,3.0,3.0325372065903187,3.0490046270728426,-0.03691092236709923,1.0062664394194718,20.076428722859422,resolved_refined,3.0648911766891187,0.5601081976716269,0.342776003392498
dd,side_trans_radial,5.0,2.0260001522014823,2.0260001522014823,-0.01157540371335747,1.0024099227414967,30.358781910036353,resolved_refined,2.029952052344805,0.2618083001464755,0.20057118828863937
dd,side_trans_radial,7.0,1.594179470718448,1.594179470718448,-0.004348687156890511,1.0008082616215566,38.65646978349901,resolved_refined,1.594916912519583,0.13629496930818416,0.11696579570475218
dd,side_trans_radial,10.0,1.308916668436523,1.308916668436523,-0.0012598110355677618,1.0002355010611892,47.111223903947405,resolved_refined,1.308940283583861,0.05837489398062873,0.054244602554576096
dd,side_trans_radial,12.0,1.2149962464413293,1.2149962464413293,-0.0006136272151530367,1.0001182887017968,50.75821584963847,resolved_refined,1.2149464242299932,0.03540751198928238,0.0337566619463172
dd,side_trans_tangential,0.5,0.009097860819068684,0.009211997903237368,-0.05880166014147113,1.0102684503394963,,right_censored,0.009588808504243969,0.941945635649374,
dd,side_trans_tangential,0.75,0.026866710462263223,0.027112616254077855,-0.04942384455976925,1.00816075656234,,right_censored,0.027696942678094656,0.86441879243792,
dd,side_trans_tangential,1.0,0.0568832077652752,0.057248865971784,-0.040239910012569644,1.0064250162077653,,right_censored,0.05801992534194154,0.7629149088150281,
dd,side_trans_tangential,1.5,0.13602552772405324,0.13636997068906323,-0.027223162214284308,1.0046382057315801,,right_censored,0.13746165872127614,0.575307730012709,
dd,side_trans_tangential,2.0,0.223412469620938,0.223421750278325,-0.0188715898304636,1.0043365955380426,,right_censored,0.22484737673381902,0.43288808745854823,
dd,side_trans_tangential,3.0,0.3865974708314402,0.3865974708314402,-0.009677468751226612,1.001787347387946,159.0677592986742,resolved_refined,0.3877360177690521,0.2541586252610042,0.34113031831113577
dd,side_trans_tangential,5.0,0.6189378572993153,0.6189378572993153,-0.0031270324722826935,1.0005106848076317,99.54443976273919,resolved_refined,0.6195409739533109,0.10196882519346993,0.11353194889719376
dd,side_trans_tangential,7.0,0.7537582143840743,0.7537582143840743,-0.0012284490677375308,1.0001900756616977,81.78417069667833,resolved_refined,0.7540912812971096,0.04756551525249491,0.04991602748277285
dd,side_trans_tangential,10.0,0.8608636303496112,0.8608636303496112,-0.00039099101391453883,1.000055792964285,71.62768264579032,resolved_refined,0.8610223619972279,0.018296450063466543,0.018625186248506943
dd,side_trans_tangential,12.0,0.900224150612185,0.900224150612185,-0.00020712357913213805,1.0000277028887001,68.50044959815737,resolved_refined,0.9003295603296451,0.010585778504777064,0.010691686945219055
fqs,axis_long,0.5,0.6482623567324797,0.8830974511061804,-0.42558006084958694,1.425562261183764,49.22923544170759,resolved_refined,1.2496607254691103,0.8856778877721881,
fqs,axis_long,0.75,0.5916867593280527,0.7170656357291193,-0.3031766733455336,1.325279753839796,66.12503590950504,resolved_refined,0.946673304862355,0.8282085577312173,
fqs,axis_long,1.0,0.5008328371350883,0.5639109194958336,-0.22128791460609537,1.2528019098977148,90.49184604466906,resolved_refined,0.705511088245444,0.7430487483227305,
fqs,axis_long,1.5,0.311330436904549,0.32585518267040864,-0.12523175988997914,1.1585159528083633,174.99004373995334,resolved_refined,0.37853017350529927,0.43040115283452196,
fqs,axis_long,2.0,0.1799297298369216,0.18330212905564366,-0.07532035323449322,1.1031941687621158,,right_censored,0.20332693751937692,0.330222399851302,
fqs,axis_long,3.0,0.0984333874668548,0.09862261328261256,-0.025772615488445245,1.0491784902157977,,right_censored,0.10400632132104487,2.232415690312357,
fqs,axis_long,5.0,0.23346939002503234,0.23346939002503234,-0.0018216440061240488,1.014585560388405,,right_censored,0.2367446647915138,0.9897282176029166,
fqs,axis_long,7.0,0.4131334114228504,0.4131334114228504,0.0007255936539539679,1.0053972883945015,148.97649605634527,resolved_refined,0.415152682520986,0.4016937765229311,0.2861467556731259
fqs,axis_long,10.0,0.6087568058925775,0.6087568058925775,0.0008935548068380908,1.0016011054281342,101.24224260448226,resolved_refined,0.6095607603863704,0.15264089495669506,0.13214196074853307
fqs,axis_long,12.0,0.6957037328731617,0.6957037328731617,0.0007200089217723565,1.0008087854159085,88.6196512147409,resolved_refined,0.696127126165394,0.09161611213038995,0.08375962147104188
fqs,axis_trans,0.5,0.489670602788584,0.49983129876337035,-0.07284526389754703,1.0134461220612405,121.18358584661371,resolved_refined,0.5065321382480722,0.6373198360832153,0.3773197251480603
fqs,axis_trans,0.75,0.5389574674296007,0.5440161530814113,-0.05031350459541347,1.0096071175382961,111.87782295685912,resolved_refined,0.5494673628529484,0.5169040557960567,0.3323995893365905
fqs,axis_trans,1.0,0.58023564590507,0.5832031416811312,-0.03587232263944723,1.006645369547348,104.79525314644,resolved_refined,0.5871602376540977,0.428656043627824,0.29405062103363516
fqs,axis_trans,1.5,0.6464239831860301,0.6465830044964426,-0.019560601179906007,1.0047873343276983,94.7818831838266,resolved_refined,0.6498871237232506,0.3090284989259146,0.23280401213807053
fqs,axis_trans,2.0,0.697602913370587,0.697602913370587,-0.01146197049964002,1.002515930229936,88.09297408178269,resolved_refined,0.6996004082923244,0.23278332550004693,0.18690811165833188
fqs,axis_trans,3.0,0.7715319335295516,0.7715319335295516,-0.004671988170669066,1.0008916756464288,79.82468973126167,resolved_refined,0.7724010708186844,0.14365733276556833,0.124831249775293
fqs,axis_trans,5.0,0.8574403940160351,0.8574403940160351,-0.0011919453822321886,1.0002100973917643,71.89863891603125,resolved_refined,0.8577290373597668,0.06643252596986202,0.06209388344635878
fqs,axis_trans,7.0,0.9036620128424389,0.9036620128424389,-0.00042849523054593774,1.000070584936544,68.23613163427487,resolved_refined,0.9038016283619293,0.0355752208880726,0.034280293073093236
fqs,axis_trans,10.0,0.9410121571239964,0.9410121571239964,-0.00013458378168602382,1.000019648821915,65.53393014060417,resolved_refined,0.9410784005498721,0.016353312100403597,0.016067058053366112
fqs,axis_trans,12.0,0.9554702671648548,0.9554702671648548,-7.337156084156827e-05,1.0000097175119722,64.54378219488952,resolved_refined,0.9555159486647911,0.01046446522980823,0.010343508981874307
fqs,side_long,0.5,3.1157260612303794,3.5834479241748,-0.204802938853691,1.0572555309516827,16.07525069686681,resolved_refined,3.784100434963302,3.929389096036239,0.8029381483246799
fqs,side_long,0.75,3.224475184578222,3.4814061378206738,-0.14707354390619382,1.0438214764618718,16.809384728475788,resolved_refined,3.632190189988711,3.4619813437114133,0.7820592118808615
fqs,side_long,1.0,3.2251291342003165,3.3654239036897153,-0.10784445245745886,1.035152152766954,17.578800276626403,resolved_refined,3.4825504545245414,3.06585678079081,0.7602661281994854
fqs,side_long,1.5,3.084490396217382,3.125866683968798,-0.060884200236599864,1.0240114370232958,19.18853860422948,resolved_refined,3.201536565318356,2.4326659026956086,0.7143557169852679
fqs,side_long,2.0,2.888739596875179,2.9033942676542237,-0.036069140762973705,1.0164785976380222,20.856788624807194,resolved_refined,2.951369544640007,1.9539316746285575,0.6662222183135105
fqs,side_long,3.0,2.5170859677248383,2.5170859677248383,-0.013929467724065434,1.009313997391877,24.262160770700447,resolved_refined,2.5419354995886305,1.2981356570230331,0.5677419636794573
fqs,side_long,5.0,1.990518978015372,1.990518978015372,-0.002658169424535777,1.0031955172651232,30.900016179686233,resolved_refined,1.9975517001406702,0.6296808287848953,0.38707232520130785
fqs,side_long,7.0,1.6738662818069783,1.6738662818069783,-0.0006851640088970574,1.0013713308754133,36.81109728312394,resolved_refined,1.6766243104464618,0.33583349556027275,0.25143321673315205
fqs,side_long,10.0,1.4059497072034643,1.4059497072034643,-0.00023415194035234898,1.0004690628343371,43.85594501443278,resolved_refined,1.40688722335848,0.14808092810280912,0.12889256020765402
fqs,side_long,12.0,1.3010670777156415,1.3010670777156415,-0.00019115516847503555,1.0002498903276975,47.39703912131892,resolved_refined,1.3015958433721477,0.09123401957771873,0.0835427007742272
fqs,side_trans_radial,0.5,1.3383305539065231,2.429841627754504,-0.538265073889314,1.1921812773922922,20.229162828532846,resolved_refined,2.875047193205483,2.0841194839821098,0.6256143177688152
fqs,side_trans_radial,0.75,1.6224916058247276,2.413489077708284,-0.40372509269395895,1.1564395108331063,21.152137111695616,resolved_refined,2.7747109068319067,1.748611314811103,0.5921517158775383
fqs,side_trans_radial,1.0,1.8270798429428914,2.3777466416637796,-0.30968075190393257,1.128701631250236,22.13991159277124,resolved_refined,2.6709460595395393,1.4923002873599533,0.559869653295787
fqs,side_trans_radial,1.5,2.0218100788623397,2.273980897874213,-0.19223054041047472,1.0898684722207068,24.22038490485398,resolved_refined,2.4696955709400004,1.1254712214404328,0.4986347127787078
fqs,side_trans_radial,2.0,2.040628027210808,2.1540122884000654,-0.12588724328152792,1.0649937984266653,26.353020187944136,resolved_refined,2.28818366067967,0.8753015428068772,0.4419070438650682
fqs,side_trans_radial,3.0,1.9031179724399314,1.9275139246381636,-0.0603663059847215,1.0357418383591246,30.547315415278696,resolved_refined,1.9936169342011414,0.5601081976716269,0.342776003392498
fqs,side_trans_radial,5.0,1.5968665477193413,1.5968665477193413,-0.018099684335268335,1.0129296893314088,37.9755914038755,resolved_refined,1.616860257390879,0.2618083001464755,0.20057118828863937
fqs,side_trans_radial,7.0,1.400208660681011,1.400208660681011,-0.006657480889139923,1.004760834380266,43.776865715355676,resolved_refined,1.4063568832592002,0.13629496930818416,0.11696579570475218
fqs,side_trans_radial,10.0,1.2360566658301781,1.2360566658301781,-0.0018865085144652057,1.0013397377451387,49.81332808800176,resolved_refined,1.2374415930198408,0.05837489398062873,0.054244602554576096
fqs,side_trans_radial,12.0,1.173152520089132,1.173152520089132,-0.000906145833798128,1.0006340657392367,52.53150407420292,resolved_refined,1.1737152702748823,0.03540751198928238,0.0337566619463172
fqs,side_trans_tangential,0.5,0.14259834602157462,0.15619120139017517,-0.15780770899469615,1.023744075206842,,right_censored,0.16019285666717767,0.941945635649374,
fqs,side_trans_tangential,0.75,0.18889330033590776,0.1983178882514533,-0.11333325828417823,1.0171602305507712,,right_censored,0.20200389611467467,0.86441879243792,
fqs,side_trans_tangential,1.0,0.23379707661448157,0.2401267709412521,-0.08346112912480926,1.0128347231150117,,right_censored,0.2435387836191248,0.7629149088150281,
fqs,side_trans_tangential,1.5,0.31759920435189365,0.32039013130647653,-0.048179519492462394,1.007619582338517,190.4604428868932,resolved_refined,0.3232178595459363,0.575307730012709,
fqs,side_trans_tangential,2.0,0.392723943675039,0.39401614597660234,-0.02974964204897354,1.0047472786736587,155.47328755374596,resolved_refined,0.39623595601347855,0.43288808745854823,
fqs,side_trans_tangential,3.0,0.518046297407613,0.518046297407613,-0.012936417990671542,1.0026066470827477,118.60723534979486,resolved_refined,0.5197376393476404,0.2541586252610042,0.34113031831113577
fqs,side_trans_tangential,5.0,0.6891902683397462,0.6891902683397462,-0.00352009027039411,1.0005696348396529,89.39522558048272,resolved_refined,0.6898225861985127,0.10196882519346993,0.11353194889719376
fqs,side_trans_tangential,7.0,0.7913986608047948,0.7913986608047948,-0.0012816789252788976,1.0001971760248014,77.89591601221674,resolved_refined,0.7917158804559383,0.04756551525249491,0.04991602748277285
fqs,side_trans_tangential,10.0,0.8769080776514333,0.8769080776514333,-0.0003891295704300278,1.0000555982220996,70.31799685769384,resolved_refined,0.877054817999137,0.018296450063466543,0.018625186248506943
fqs,side_trans_tangential,12.0,0.9098558774734145,0.9098558774734145,-0.00020348452384889247,1.0000273446998025,67.77581183555355,resolved_refined,0.9099534939260041,0.010585778504777064,0.010691686945219055
